{
  "accuracy": [
    0.9305555820465088,
    0.9861111044883728,
    1.0,
    1.0,
    0.9861111044883728,
    1.0,
    1.0,
    1.0,
    0.9722222089767456,
    1.0
  ],
  "auc": [
    0.9810956716537476,
    0.9876542687416077,
    1.0,
    1.0,
    1.0,
    1.0,
    1.0,
    1.0,
    0.9976851940155029,
    1.0
  ],
  "loss": [
    0.38156768679618835,
    0.11680588126182556,
    0.054069094359874725,
    0.016236305236816406,
    0.02473941631615162,
    0.008792512118816376,
    0.005647572223097086,
    0.004585339222103357,
    0.07050056010484695,
    0.0018405976006761193
  ],
  "val_accuracy": [
    0.5384615659713745,
    1.0,
    0.9230769276618958,
    0.4615384638309479,
    0.4615384638309479,
    0.4615384638309479,
    0.4615384638309479,
    0.4615384638309479,
    0.4615384638309479,
    0.4615384638309479
  ],
  "val_auc": [
    1.0,
    1.0,
    1.0,
    1.0,
    1.0,
    1.0,
    1.0,
    0.5,
    0.7142857313156128,
    0.5
  ],
  "val_loss": [
    0.6125872135162354,
    0.4798009991645813,
    0.42969828844070435,
    0.49721914529800415,
    1.0841705799102783,
    1.8508130311965942,
    2.5705957412719727,
    2.927262544631958,
    2.8769936561584473,
    3.1082940101623535
  ],
  "learning_rate": [
    0.0010000000474974513,
    0.0010000000474974513,
    0.0010000000474974513,
    0.0010000000474974513,
    0.0010000000474974513,
    0.0010000000474974513,
    0.0010000000474974513,
    0.0005000000237487257,
    0.0005000000237487257,
    0.0005000000237487257
  ]
}